{
    "class_name" : "PinholeCameraParameters",
    "extrinsic" : 
    [
        0.64360495755596647,
        0.48570600988990903,
        -0.59149161495849312,
        0.0,
        0.76365181246538716,
        -0.45910237381046559,
        0.45393933480138576,
        0.0,
        -0.051074141477969501,
        -0.74385125012896169,
        -0.66639083858788861,
        0.0,
        -0.16384715286281154,
        -0.94157080171704521,
        14.591113457848067,
        1.0
    ],
    "intrinsic" : 
    {
        "height" : 1080,
        "intrinsic_matrix" : 
        [
            935.30743608719376,
            0.0,
            0.0,
            0.0,
            935.30743608719376,
            0.0,
            959.5,
            539.5,
            1.0
        ],
        "width" : 1920
    },
    "version_major" : 1,
    "version_minor" : 0
}